Species,Latin Name,Diet
环颈山鹧鸪,Arborophila torqueola,杂食性
四川山鹧鸪,Arborophila rufipectus,杂食性
红喉山鹧鸪,Arborophila rufogularis,杂食性
白眉山鹧鸪,Arborophila gingica,杂食性
白颊山鹧鸪,Arborophila atrogularis,杂食性
褐胸山鹧鸪,Arborophila brunneopectus,杂食性
台湾山鹧鸪,Arborophila crudigularis,杂食性
海南山鹧鸪,Arborophila ardens,杂食性
绿脚树鹧鸪,Tropicoperdix chloropus,杂食性
花尾榛鸡,Tetrastes bonasia,杂食性
斑尾榛鸡,Tetrastes sewerzowi,杂食性
镰翅鸡,Falcipennis falcipennis,杂食性
松鸡,Tetrao urogallus,杂食性
黑嘴松鸡,Tetrao urogalloides,杂食性
黑琴鸡,Lyrurus tetrix,杂食性
柳雷鸟,Lagopus lagopus,杂食性
岩雷鸟,Lagopus muta,杂食性
雪鹑,Lerwa lerwa,杂食性
红喉雉鹑,Tetraophasis obscurus,杂食性
黄喉雉鹑,Tetraophasis szechenyii,杂食性
暗腹雪鸡,Tetraogallus himalayensis,杂食性
藏雪鸡,Tetraogallus tibetanus,杂食性
阿尔泰雪鸡,Tetraogallus altaicus,杂食性
石鸡,Alectoris chukar,杂食性
大石鸡,Alectoris magna,杂食性
中华鹧鸪,Francolinus pintadeanus,杂食性
灰山鹑,Perdix perdix,杂食性
斑翅山鹑,Perdix dauurica,杂食性
高原山鹑,Perdix hodgsoniae,杂食性
西鹌鹑,Coturnix coturnix,杂食性
鹌鹑,Coturnix japonica,杂食性
蓝胸鹑,Synoicus chinensis,杂食性
棕胸竹鸡,Bambusicola fytchii,杂食性
灰胸竹鸡,Bambusicola thoracicus,杂食性
台湾竹鸡,Bambusicola sonorivox,杂食性
血雉,Ithaginis cruentus,杂食性
红胸角雉,Tragopan satyra,杂食性
黑头角雉,Tragopan melanocephalus,杂食性
灰腹角雉,Tragopan blythii,杂食性
红腹角雉,Tragopan temminckii,杂食性
黄腹角雉,Tragopan caboti,杂食性
勺鸡,Pucrasia macrolopha,杂食性
棕尾虹雉,Lophophorus impejanus,杂食性
白尾梢虹雉,Lophophorus sclateri,杂食性
绿尾虹雉,Lophophorus lhuysii,杂食性
红原鸡,Gallus gallus,杂食性
黑鹇,Lophura leucomelanos,杂食性
白鹇,Lophura nycthemera,杂食性
蓝腹鹇,Lophura swinhoii,杂食性
藏马鸡,Crossoptilon harmani,杂食性
白马鸡,Crossoptilon crossoptilon,杂食性
褐马鸡,Crossoptilon mantchuricum,杂食性
蓝马鸡,Crossoptilon auritum,杂食性
白颈长尾雉,Syrmaticus ellioti,杂食性
黑颈长尾雉,Syrmaticus humiae,杂食性
黑长尾雉,Syrmaticus mikado,杂食性
白冠长尾雉,Syrmaticus reevesii,杂食性
环颈雉,Phasianus colchicus,杂食性
红腹锦鸡,Chrysolophus pictus,杂食性
白腹锦鸡,Chrysolophus amherstiae,杂食性
灰孔雀雉,Polyplectron bicalcaratum,杂食性
海南孔雀雉,Polyplectron katsumatae,杂食性
绿孔雀,Pavo muticus,杂食性
红胸山鹧鸪,Arborophila mandellii,杂食性
栗树鸭,Dendrocygna javanica,杂食性
鸿雁,Anser cygnoid,杂食性
豆雁,Anser fabalis,杂食性
短嘴豆雁,Anser serrirostris,杂食性
灰雁,Anser anser,杂食性
白额雁,Anser albifrons,杂食性
小白额雁,Anser erythropus,杂食性
斑头雁,Anser indicus,杂食性
雪雁,Anser caerulescens,杂食性
加拿大雁,Branta canadensis,杂食性
小美洲黑雁,Branta hutchinsii,杂食性
黑雁,Branta bernicla,杂食性
白颊黑雁,Branta leucopsis,杂食性
红胸黑雁,Branta ruficollis,杂食性
疣鼻天鹅,Cygnus olor,杂食性
大天鹅,Cygnus cygnus,杂食性
小天鹅,Cygnus columbianus,杂食性
瘤鸭,Sarkidiornis melanotos,杂食性
翘鼻麻鸭,Tadorna tadorna,杂食性
赤麻鸭,Tadorna ferruginea,杂食性
鸳鸯,Aix galericulata,杂食性
棉凫,Nettapus coromandelianus,杂食性
赤膀鸭,Mareca strepera,杂食性
罗纹鸭,Mareca falcata,杂食性
赤颈鸭,Mareca penelope,杂食性
绿头鸭,Anas platyrhynchos,杂食性
棕颈鸭,Anas luzonica,杂食性
印度斑嘴鸭,Anas poecilorhyncha,杂食性
斑嘴鸭,Anas zonorhyncha,杂食性
针尾鸭,Anas acuta,杂食性
白眉鸭,Spatula querquedula,杂食性
绿翅鸭,Anas crecca,杂食性
琵嘴鸭,Spatula clypeata,杂食性
花脸鸭,Sibirionetta formosa,杂食性
云石斑鸭,Marmaronetta angustirostris,杂食性
赤嘴潜鸭,Netta rufina,杂食性
帆背潜鸭,Aythya valisineria,杂食性
红头潜鸭,Aythya ferina,杂食性
白眼潜鸭,Aythya nyroca,杂食性
青头潜鸭,Aythya baeri,杂食性
凤头潜鸭,Aythya fuligula,食肉
斑背潜鸭,Aythya marila,杂食性
小绒鸭,Polysticta stelleri,杂食性
丑鸭,Histrionicus histrionicus,食肉，食虫
黑海番鸭,Melanitta americana,杂食性
斑脸海番鸭,Melanitta fusca,杂食性
长尾鸭,Clangula hyemalis,食肉，食虫
鹊鸭,Bucephala clangula,食肉，食虫
斑头秋沙鸭,Mergellus albellus,食肉
红胸秋沙鸭,Mergus serrator,食肉，食虫
中华秋沙鸭,Mergus squamatus,食肉，食虫
白头硬尾鸭,Oxyura leucocephala,杂食性
普通秋沙鸭,Mergus merganser,食肉，食虫
绿眉鸭,Mareca americana,杂食性
小䴙䴘,Tachybaptus ruficollis,食肉，食虫
赤颈䴙䴘,Podiceps grisegena,食肉，食虫
凤头䴙䴘,Podiceps cristatus,食肉，食虫
角䴙䴘,Podiceps auritus,食肉，食虫
黑颈䴙䴘,Podiceps nigricollis,食虫，食肉
大红鹳,Phoenicopterus roseus,杂食性
原鸽,Columba livia,食种子
岩鸽,Columba rupestris,食种子，食果实
雪鸽,Columba leuconota,食种子，食果实
欧鸽,Columba oenas,食茎叶，食果实，食种子
斑尾林鸽,Columba palumbus,食果实，食种子，食茎叶
中亚鸽,Columba eversmanni,食果实、食种子
斑林鸽,Columba hodgsonii,杂食性
灰林鸽,Columba pulchricollis,食果实，食种子
紫林鸽,Columba punicea,食果实，食种子
黑林鸽,Columba janthina,食果实、食种子
欧斑鸠,Streptopelia turtur,食果实，食种子
山斑鸠,Streptopelia orientalis,杂食性
火斑鸠,Streptopelia tranquebarica,杂食性
灰斑鸠,Streptopelia decaocto,杂食性
棕斑鸠,Streptopelia senegalensis,食果实，食种子
珠颈斑鸠,Streptopelia chinensis,杂食性
斑尾鹃鸠,Macropygia unchall,食果实，食种子
菲律宾鹃鸠,Macropygia tenuirostris,食果实，食种子
小鹃鸠,Macropygia ruficeps,食果实，食种子
绿翅金鸠,Chalcophaps indica,食果实，食种子
橙胸绿鸠,Treron bicinctus,食果实，食种子
灰头绿鸠,Treron pompadora,食果实，食种子
厚嘴绿鸠,Treron curvirostra,食果实，食种子
黄脚绿鸠,Treron phoenicopterus,食果实，食种子
针尾绿鸠,Treron apicauda,食果实
楔尾绿鸠,Treron sphenurus,食果实，食种子
红翅绿鸠,Treron sieboldii,食果实，食种子
红顶绿鸠,Treron formosae,食果实，食种子
黑颏果鸠,Ptilinopus leclancheri,食茎叶，食果实
绿皇鸠,Ducula aenea,食果实
山皇鸠,Ducula badia,食果实，食种子
西藏毛腿沙鸡,Syrrhaptes tibetanus,杂食性
毛腿沙鸡,Syrrhaptes paradoxus,食茎叶，食果实，食种子
黑腹沙鸡,Pterocles orientalis,杂食性
黑顶蛙口夜鹰,Batrachostomus hodgsoni,食肉，食虫
普通夜鹰,Caprimulgus indicus,食虫
欧夜鹰,Caprimulgus europaeus,食虫
毛腿夜鹰,Lyncornis macrotis,食虫
埃及夜鹰,Caprimulgus aegyptius,食虫
中亚夜鹰,Caprimulgus centralasicus,食虫
长尾夜鹰,Caprimulgus macrurus,食虫
林夜鹰,Caprimulgus affinis,食虫
凤头雨燕,Hemiprocne coronata,食虫
爪哇金丝燕,Aerodramus fuciphagus,食虫
短嘴金丝燕,Aerodramus brevirostris,食虫
白喉针尾雨燕,Hirundapus caudacutus,食虫
灰喉针尾雨燕,Hirundapus cochinchinensis,食虫
大金丝燕,Aerodramus maximus,食虫
褐背针尾雨燕,Hirundapus giganteus,食虫
紫针尾雨燕,Hirundapus celebensis,食虫
棕雨燕,Cypsiurus balasiensis,食虫
高山雨燕,Tachymarptis melba,食虫
普通雨燕,Apus apus,食虫
白腰雨燕,Apus pacificus,食虫
小白腰雨燕,Apus nipalensis,食虫
暗背雨燕,Apus acuticauda,NA
褐翅鸦鹃,Centropus sinensis,食虫，食肉
小鸦鹃,Centropus bengalensis,食虫
绿嘴地鹃,Phaenicophaeus tristis,食虫
斑翅凤头鹃,Clamator Jacobinus,食虫
红翅凤头鹃,Clamator coromandus,食虫
翠金鹃,Chrysococcyx maculatus,食虫
噪鹃,Eudynamys scolopaceus,杂食性
栗斑杜鹃,Cacomantis sonneratii,食虫
紫金鹃,Chrysococcyx xanthorhynchus,食虫
八声杜鹃,Cacomantis merulinus,食虫
乌鹃,Surniculus lugubris,食虫
大鹰鹃,Hierococcyx sparverioides,食虫
普通鹰鹃,Hierococcyx varius,食虫
北棕腹鹰鹃,Hierococcyx hyperythrus,食虫
棕腹鹰鹃,Hierococcyx nisicolor,食虫
小杜鹃,Cuculus poliocephalus,食虫
四声杜鹃,Cuculus micropterus,食虫
大杜鹃,Cuculus canorus,食虫
东方中杜鹃,Cuculus optatus,食虫
中杜鹃,Cuculus saturatus,食虫
大鸨,Otis tarda,杂食性
波斑鸨,Chlamydotis macqueenii,杂食性
小鸨,Tetrax tetrax,杂食性
花田鸡,Coturnicops exquisitus,杂食性
红脚斑秧鸡,Rallina fasciata,杂食性
白喉斑秧鸡,Rallina eurizonoides,食虫，食肉
灰胸秧鸡,Lewinia striata,杂食性
普通秧鸡,Rallus indicus,杂食性
西秧鸡,Rallus aquaticus,杂食性
长脚秧鸡,Crex crex,杂食性
棕背田鸡,Zapornia bicolor,食虫
斑胸田鸡,Porzana porzana,食虫，食肉
红脚田鸡,Zapornia akool,NA
姬田鸡,Zapornia parva,杂食性
小田鸡,Zapornia pusilla,食虫，食肉
红胸田鸡,Zapornia fusca,杂食性
斑胁田鸡,Zapornia paykullii,杂食性
白眉苦恶鸟,Amaurornis cinerea,杂食性
董鸡,Gallicrex cinerea,杂食性
紫水鸡,Porphyrio porphyrio,杂食性
黑水鸡,Gallinula chloropus,杂食性
白骨顶,Fulica atra,杂食性
白胸苦恶鸟,Amaurornis phoenicurus,杂食性
白鹤,Grus leucogeranus,杂食性
沙丘鹤,Grus canadensis,杂食性
赤颈鹤,Grus antigone,杂食性
白枕鹤,Grus vipio,杂食性
蓑羽鹤,Grus virgo,杂食性
灰鹤,Grus grus,杂食性
丹顶鹤,Grus japonensis,杂食性
白头鹤,Grus monacha,杂食性
黑颈鹤,Grus nigricollis,杂食性
石鸻,Burhinus oedicnemus,食肉，食虫
大石鸻,Esacus recurvirostris,食肉
蛎鹬,Haematopus ostralegus,食肉，食虫
鹮嘴鹬,Ibidorhyncha struthersii,食虫，食肉
黑翅长脚鹬,Himantopus himantopus,食肉，食虫
反嘴鹬,Recurvirostra avosetta,食肉，食虫
凤头麦鸡,Vanellus vanellus,杂食性
距翅麦鸡,Vanellus duvaucelii,食虫，食肉
灰头麦鸡,Vanellus cinereus,杂食性
肉垂麦鸡,Vanellus indicus,食虫、食肉
黄颊麦鸡,Vanellus gregarius,食虫、食肉
白尾麦鸡,Vanellus leucurus,NA
欧金鸻,Pluvialis apricaria,NA
金鸻,Pluvialis fulva,食虫，食肉
灰鸻,Pluvialis squatarola,食虫，食肉
剑鸻,Charadrius hiaticula,食肉
长嘴剑鸻,Charadrius placidus,杂食性
金眶鸻,Charadrius dubius,食虫
环颈鸻,Charadrius alexandrinus,食虫，食肉
蒙古沙鸻,Charadrius mongolus,食虫，食肉
铁嘴沙鸻,Charadrius leschenaultii,食虫
东方鸻,Charadrius veredus,食虫
红胸鸻,Charadrius asiaticus,杂食性
小嘴鸻,Eudromias morinellus,食虫，食肉
彩鹬,Rostratula benghalensis,杂食性
水雉,Hydrophasianus chirurgus,杂食性
铜翅水雉,Metopidius indicus,杂食性
丘鹬,Scolopax rusticola,杂食性
孤沙锥,Gallinago solitaria,杂食性
林沙锥,Gallinago nemoricola,食虫
姬鹬,Lymnocryptes minimus,食虫
拉氏沙锥,Gallinago hardwickii,杂食性
大沙锥,Gallinago megala,食虫
扇尾沙锥,Gallinago gallinago,食虫
长嘴半蹼鹬,Limnodromus scolopaceus,食虫
半蹼鹬,Limnodromus semipalmatus,食虫
黑尾塍鹬,Limosa limosa,食虫
斑尾塍鹬,Limosa lapponica,食虫
小杓鹬,Numenius minutus,杂食性
中杓鹬,Numenius phaeopus,食虫
白腰杓鹬,Numenius arquata,食虫
大杓鹬,Numenius madagascariensis,食虫
鹤鹬,Tringa erythropus,食虫
红脚鹬,Tringa totanus,食虫
泽鹬,Tringa stagnatilis,食虫
青脚鹬,Tringa nebularia,食虫
小青脚鹬,Tringa guttifer,食肉
白腰草鹬,Tringa ochropus,食虫
林鹬,Tringa glareola,食虫
小黄脚鹬,Tringa flavipes,食肉，食虫
漂鹬,Tringa incana,食肉，食虫
灰尾漂鹬,Tringa brevipes,食虫
翘嘴鹬,Xenus cinereus,食虫
矶鹬,Actitis hypoleucos,食虫
翻石鹬,Arenaria interpres,杂食性
大滨鹬,Calidris tenuirostris,食虫
红腹滨鹬,Calidris canutus,杂食性
三趾滨鹬,Calidris alba,杂食性
西滨鹬,Calidris mauri,食肉，食虫
勺嘴鹬,Calidris pygmeus,食虫
红颈滨鹬,Calidris ruficollis,食虫
小滨鹬,Calidris minuta,食肉，食虫
青脚滨鹬,Calidris temminckii,食虫
长趾滨鹬,Calidris subminuta,食虫
白腰滨鹬,Calidris fuscicollis,NA
黄胸滨鹬,Calidris subruficollis,NA
斑胸滨鹬,Calidris melanotos,杂食性
尖尾滨鹬,Calidris acuminata,食虫
阔嘴鹬,Calidris falcinellus,食虫
流苏鹬,Calidris pugnax,食虫
弯嘴滨鹬,Calidris ferruginea,食虫
岩滨鹬,Calidris ptilocnemis,食肉，食虫
高跷鹬,Calidris himantopus,食肉
黑腹滨鹬,Calidris alpina,食虫
红颈瓣蹼鹬,Phalaropus lobatus,食虫
灰瓣蹼鹬,Phalaropus fulicarius,食虫
针尾沙锥,Gallinago stenura,食虫
林三趾鹑,Turnix sylvaticus,杂食性
黄脚三趾鹑,Turnix tanki,杂食性
棕三趾鹑,Turnix suscitator,杂食性
领燕鸻,Glareola pratincola,食虫
普通燕鸻,Glareola maldivarum,食虫，食肉
灰燕鸻,Glareola lactea,食虫
黑翅燕鸻,Glareola nordmanni,食虫
白顶玄燕鸥,Anous stolidus,食肉
白燕鸥,Gygis alba,NA
叉尾鸥,Xema sabini,食肉
三趾鸥,Rissa tridactyla,食肉
细嘴鸥,Chroicocephalus genei,食肉、食虫
棕头鸥,Chroicocephalus brunnicephalus,食肉，食虫
红嘴鸥,Chroicocephalus ridibundus,食肉，食虫，食腐
澳洲红嘴鸥,Chroicocephalus novaehollandiae,食腐
黑嘴鸥,Saundersilarus saundersi,食虫
遗鸥,Ichthyaetus relictus,食肉，食虫
小鸥,Hydrocoloeus minutus,食虫
弗氏鸥,Leucophaeus pipixcan,NA
楔尾鸥,Rhodostethia rosea,食肉
渔鸥,Ichthyaetus ichthyaetus,食肉，食虫
黑尾鸥,Larus crassirostris,食肉，食腐
普通海鸥,Larus canus,食肉，食虫
灰翅鸥,Larus glaucescens,食肉，食虫，食腐
北极鸥,Larus hyperboreus,食肉，食虫，食腐
西伯利亚银鸥,Larus smithsonianus,食肉
小黑背银鸥,Larus fuscus,食肉
黄腿银鸥,Larus cachinnans,食肉
灰背鸥,Larus schistisagus,食腐，食肉
鸥嘴噪鸥,Gelochelidon nilotica,食虫，食肉
红嘴巨燕鸥,Hydroprogne caspia,食肉
小凤头燕鸥,Thalasseus bengalensis,食肉
大凤头燕鸥,Thalasseus bergii,食肉
中华凤头燕鸥,Thalasseus bernsteini,食肉
白嘴端凤头燕鸥,Thalasseus sandvicensis,食肉
白额燕鸥,Sternula albifrons,食肉，食虫
白腰燕鸥,Onychoprion aleuticus,食肉
褐翅燕鸥,Onychoprion anaethetus,食肉
乌燕鸥,Onychoprion fuscatus,食肉
河燕鸥,Sterna aurantia,食肉，食虫
粉红燕鸥,Sterna dougallii,食肉
黑枕燕鸥,Sterna sumatrana,食肉
普通燕鸥,Sterna hirundo,食肉，食虫
黑腹燕鸥,Sterna acuticauda,食肉，食虫
灰翅浮鸥,Chlidonias hybrida,食肉，食虫
白翅浮鸥,Chlidonias leucopterus,食肉，食虫
黑浮鸥,Chlidonias niger,食肉，食虫
剪嘴鸥,Rynchops albicollis,食肉
南极贼鸥,Stercorarius maccormicki,食肉
中贼鸥,Stercorarius pomarinus,食肉，食腐
短尾贼鸥,Stercorarius parasiticus,食肉
长尾贼鸥,Stercorarius longicaudus,食肉，食虫，食腐
长嘴斑海雀,Brachyramphus perdix,食肉
崖海鸦,Uria aalge,食肉
冠海雀,Synthliboramphus wumizusume,食肉
扁嘴海雀,Synthliboramphus antiquus,食肉
角嘴海雀,Cerorhinca monocerata,食肉
红嘴鹲,Phaethon aethereus,食肉
红尾鹲,Phaethon rubricauda,食肉
白尾鹲,Phaethon lepturus,食肉
红喉潜鸟,Gavia stellata,食肉，食虫
黑喉潜鸟,Gavia arctica,食肉，食虫
太平洋潜鸟,Gavia pacifica,食肉
黄嘴潜鸟,Gavia adamsii,食肉
短尾信天翁,Phoebastria albatrus,食肉
黑脚信天翁,Phoebastria nigripes,食肉、废弃的食物和垃圾
黑背信天翁,Phoebastria immutabilis,食肉、废弃物品
白腰叉尾海燕,Hydrobates leucorhous,食肉、废弃物品
褐翅叉尾海燕,Hydrobates tristrami,NA
黑叉尾海燕,Hydrobates monorhis,食肉
黄蹼洋海燕,Oceanites oceanicus,食肉
暴风鹱,Fulmarus glacialis,食肉
钩嘴圆尾鹱,Pseudobulweria rostrata,食肉
白额圆尾鹱,Pterodroma hypoleuca,食肉
褐燕鹱,Bulweria bulwerii,食肉
白额鹱,Calonectris leucomelas,食肉
楔尾鹱,Ardenna pacificus,食肉
淡足鹱,Ardenna carneipes,NA
灰鹱,Ardenna grisea,食肉
短尾鹱,Ardenna tenuirostris,食肉
钳嘴鹳,Anastomus oscitans,食肉
黑鹳,Ciconia nigra,食肉，食虫
白鹳,Ciconia ciconia,食肉，食虫
东方白鹳,Ciconia boyciana,食肉，食虫
彩鹳,Mycteria leucocephala,杂食
秃鹳,Leptoptilos javanicus,食肉
白颈鹳,Ciconia episcopus,NA
白斑军舰鸟,Fregata ariel,食肉
白腹军舰鸟,Fregata andrewsi,食肉
黑腹军舰鸟,Fregata minor,食肉
蓝脸鲣鸟,Sula dactylatra,食肉
红脚鲣鸟,Sula sula,食肉
褐鲣鸟,Sula leucogaster,食肉
黑颈鸬鹚,Microcarbo niger,食肉
普通鸬鹚,Phalacrocorax carbo,食肉
红脸鸬鹚,Phalacrocorax urile,食肉
海鸬鹚,Phalacrocorax pelagicus,食肉
绿背鸬鹚,Phalacrocorax capillatus,食肉
黑头白鹮,Threskiornis melanocephalus,杂食性
朱鹮,Nipponia nippon,食肉，食虫
白琵鹭,Platalea leucorodia,食肉，食虫
黑脸琵鹭,Platalea minor,食肉，食虫
彩鹮,Plegadis falcinellus,食肉
白肩黑鹮,Pseudibis davisoni,NA
海南鳽,Gorsachius magnificus,食肉，食虫
黑冠鳽,Gorsachius melanolophus,食肉，食虫
小苇鳽,Ixobrychus minutus,食肉，食虫
黄斑苇鳽,Ixobrychus sinensis,食肉，食虫
紫背苇鳽,Ixobrychus eurhythmus,食肉，食虫
栗苇鳽,Ixobrychus cinnamomeus,食肉，食虫
黑苇鳽,Ixobrychus flavicollis,食肉，食虫
大麻鳽,Botaurus stellaris,食肉，食虫
栗头鳽,Gorsachius goisagi,食肉
苍鹭,Ardea cinerea,食肉，食虫
草鹭,Ardea purpurea,食肉，食虫
大白鹭,Ardea alba,食虫，食肉
中白鹭,Ardea intermedia,食肉，食虫
牛背鹭,Bubulcus ibis,食虫，食肉
池鹭,Ardeola bacchus,食肉，食虫
绿鹭,Butorides striata,食肉，食虫
夜鹭,Nycticorax nycticorax,食肉，食虫
棕夜鹭,Nycticorax caledonicus,食肉，食虫
印度池鹭,Ardeola grayii,食肉
爪哇池鹭,Ardeola speciosa,食肉
白腹鹭,Ardea insignis,食肉
斑鹭,Egretta picata,NA
白脸鹭,Egretta novaehollandiae,NA
白鹭,Egretta garzetta,食肉，食虫
黄嘴白鹭,Egretta eulophotes,食肉，食虫
岩鹭,Egretta sacra,食肉，食虫
白鹈鹕,Pelecanus onocrotalus,食肉
卷羽鹈鹕,Pelecanus crispus,食肉
斑嘴鹈鹕,Pelecanus philippensis,食肉
鹗,Pandion haliaetus,食肉
黑翅鸢,Elanus caeruleus,食肉，食虫
胡兀鹫,Gypaetus barbatus,食腐
白兀鹫,Neophron percnopterus,食肉
鹃头蜂鹰,Pernis apivorus,食肉
褐冠鹃隼,Aviceda jerdoni,食肉，食虫
黑冠鹃隼,Aviceda leuphotes,食虫，食肉
凤头蜂鹰,Pernis ptilorhynchus,食虫
兀鹫,Gyps fulvus,食腐
黑兀鹫,Sarcogyps calvus,食腐
白背兀鹫,Gyps bengalensis,食肉、食虫
长嘴兀鹫,Gyps indicus,食肉
高山兀鹫,Gyps himalayensis,食腐
秃鹫,Aegypius monachus,食腐
短趾雕,Circaetus gallicus,食肉
蛇雕,Spilornis cheela,食肉
棕腹隼雕,Lophotriorchis kienerii,食肉
鹰雕,Nisaetus nipalensis,食肉，食虫
凤头鹰雕,Nisaetus cirrhatus,食肉
林雕,Ictinaetus malaiensis,食肉，食虫
乌雕,Clanga clanga,食肉，食腐
草原雕,Aquila nipalensis,食肉，食虫，食腐
靴隼雕,Hieraaetus pennatus,食肉
白肩雕,Aquila heliaca,食肉，食腐
金雕,Aquila chrysaetos,食肉，食腐
白腹隼雕,Aquila fasciata,食肉，食虫
凤头鹰,Accipiter trivirgatus,食肉，食虫
褐耳鹰,Accipiter badius,食肉，食虫
赤腹鹰,Accipiter soloensis,食肉，食虫
日本松雀鹰,Accipiter gularis,食肉，食虫
松雀鹰,Accipiter virgatus,食肉，食虫
雀鹰,Accipiter nisus,食肉，食虫
苍鹰,Accipiter gentilis,食肉
白头鹞,Circus aeruginosus,食肉，食腐
白腹鹞,Circus spilonotus,食肉，食腐
白尾鹞,Circus cyaneus,食肉，食虫
草原鹞,Circus macrourus,食肉，食虫
鹊鹞,Circus melanoleucos,食肉，食虫
乌灰鹞,Circus pygargus,食肉，食虫
黑鸢,Milvus migrans,食肉，食虫
栗鸢,Haliastur indus,食肉，食虫
白腹海雕,Haliaeetus leucogaster,食肉，食腐
玉带海雕,Haliaeetus leucoryphus,食肉
白尾海雕,Haliaeetus albicilla,食肉，食腐
虎头海雕,Haliaeetus pelagicus,食肉，食腐
渔雕,Ichthyophaga humilis,食肉
白眼鵟鹰,Butastur teesa,食肉、食虫
棕翅鵟鹰,Butastur liventer,食肉
灰脸鵟鹰,Butastur indicus,食肉，食虫，食腐
毛脚鵟,Buteo lagopus,食肉
普通鵟,Buteo japonicus,食肉
棕尾鵟,Buteo rufinus,食肉，食腐
大鵟,Buteo hemilasius,食肉
欧亚鵟,Buteo buteo,食肉
喜山鵟,Buteo refectus,食肉
黄嘴角鸮,Otus spilocephalus,食肉
西红角鸮,Otus scops,食肉，食虫
红角鸮,Otus sunia,食肉，食虫
领角鸮,Otus lettia,食肉，食虫
北领角鸮,Otus semitorques,NA
纵纹角鸮,Otus brucei,食肉，食虫
优雅角鸮,Otus elegans,食肉，食虫
雪鸮,Bubo scandiacus,食肉
雕鸮,Bubo bubo,食肉
林雕鸮,Bubo nipalensis,食肉
毛腿雕鸮,Bubo blakistoni,食肉
褐渔鸮,Ketupa zeylonensis,食肉，食虫
黄腿渔鸮,Ketupa flavipes,食肉
褐林鸮,Strix leptogrammica,食肉
灰林鸮,Strix aluco,食肉，食虫
长尾林鸮,Strix uralensis,食肉，食虫
四川林鸮,Strix davidi,食肉，食虫
乌林鸮,Strix nebulosa,食肉
猛鸮,Surnia ulula,食肉
花头鸺鹠,Glaucidium passerinum,食肉，食虫
领鸺鹠,Glaucidium brodiei,食肉，食虫
斑头鸺鹠,Glaucidium cuculoides,食虫，食肉
纵纹腹小鸮,Athene noctua,食虫，食肉
横斑腹小鸮,Athene brama,食虫，食肉
鬼鸮,Aegolius funereus,食肉，食虫
鹰鸮,Ninox scutulata,食肉，食虫
长耳鸮,Asio otus,食肉，食虫
短耳鸮,Asio flammeus,食肉，食虫
日本鹰鸮,Ninox japonica,食肉，食虫
仓鸮,Tyto alba,食肉
栗鸮,Phodilus badius,食肉
草鸮,Tyto longimembris,食肉，食虫
橙胸咬鹃,Harpactes oreskios,杂食性
红头咬鹃,Harpactes erythrocephalus,杂食性
红腹咬鹃,Harpactes wardi,食虫
白喉犀鸟,Anorrhinus austeni,杂食性
棕颈犀鸟,Aceros nipalensis,杂食性
花冠皱盔犀鸟,Rhyticeros undulatus,杂食性
冠斑犀鸟,Anthracoceros albirostris,杂食性
双角犀鸟,Buceros bicornis,杂食性
戴胜,Upupa epops,食虫
彩虹蜂虎,Merops ornatus,食虫
赤须蜂虎,Nyctyornis amictus,食虫
蓝须蜂虎,Nyctyornis athertoni,食虫
绿喉蜂虎,Merops orientalis,食虫
蓝喉蜂虎,Merops viridis,食虫
栗喉蜂虎,Merops philippinus,食虫
蓝颊蜂虎,Merops persicus,食虫
栗头蜂虎,Merops leschenaultia,食虫
黄喉蜂虎,Merops apiaster,食虫
蓝胸佛法僧,Coracias garrulus,食虫，食肉
棕胸佛法僧,Coracias benghalensis,食虫
三宝鸟,Eurystomus orientalis,食虫
三趾翠鸟,Ceyx erithaca,食肉
鹳嘴翡翠,Pelargopsis capensis,食肉，食虫
赤翡翠,Halcyon coromanda,食肉，食虫
蓝翡翠,Halcyon pileata,食肉，食虫
白胸翡翠,Halcyon smyrnensis,食肉，食虫
白领翡翠,Todiramphus chloris,食肉，食虫
普通翠鸟,Alcedo atthis,食肉
蓝耳翠鸟,Alcedo meninting,食肉，食虫
斑头大翠鸟,Alcedo hercules,食虫，食肉
冠鱼狗,Megaceryle lugubris,食肉
斑鱼狗,Ceryle rudis,食肉，食虫
大拟啄木鸟,Psilopogon virens,杂食性
绿拟啄木鸟,Psilopogon lineatus,杂食性
金喉拟啄木鸟,Psilopogon franklinii,杂食性
黄纹拟啄木鸟,Psilopogon faiostrictus,杂食性
黑眉拟啄木鸟,Psilopogon faber,杂食性
台湾拟啄木鸟,Psilopogon nuchalis,杂食性
蓝喉拟啄木鸟,Psilopogon asiaticus,杂食性
蓝耳拟啄木鸟,Psilopogon australis,杂食性
赤胸拟啄木鸟,Psilopogon haemacephalus,杂食性
黄腰响蜜䴕,Indicator xanthonotus,食虫
蚁䴕,Jynx torquilla,食虫
斑姬啄木鸟,Picumnus innominatus,食虫
白眉棕啄木鸟,Sasia ochracea,食虫
星头啄木鸟,Dendrocopos canicapillus,食虫
小星头啄木鸟,Dendrocopos kizuki,食虫
小斑啄木鸟,Dendrocopos minor,食虫
棕腹啄木鸟,Dendrocopos hyperythrus,食虫
纹腹啄木鸟,Dendrocopos macei,食虫
纹胸啄木鸟,Dendrocopos atratus,杂食性
褐额啄木鸟,Dendrocopos auriceps,杂食性
赤胸啄木鸟,Dendrocopos cathpharius,食虫
黄颈啄木鸟,Dendrocopos darjellensis,食虫
白背啄木鸟,Dendrocopos leucotos,食虫
白翅啄木鸟,Dendrocopos leucopterus,食虫
大斑啄木鸟,Dendrocopos major,食虫
黄冠啄木鸟,Picus chlorolophus,食虫
三趾啄木鸟,Picoides tridactylus,食虫
白腹黑啄木鸟,Dryocopus javensis,食虫
黑啄木鸟,Dryocopus martius,食虫
大黄冠啄木鸟,Chrysophlegma flavinucha,杂食性
纹喉绿啄木鸟,Picus xanthopygaeus,食虫
花腹绿啄木鸟,Picus vittatus,食蚂蚁，食虫
鳞腹绿啄木鸟,Picus squamatus,食肉
红颈绿啄木鸟,Picus rabieri,杂食性
灰头绿啄木鸟,Picus canus,食虫
竹啄木鸟,Gecinulus grantia,食虫
黄嘴栗啄木鸟,Blythipicus pyrrhotis,食虫
喜山金背啄木鸟,Dinopium shorii,NA
金背啄木鸟,Dinopium javanense,食虫
小金背啄木鸟,Dinopium benghalense,食虫，食果实，食花
大金背啄木鸟,Chrysocolaptes lucidus,杂食性
栗啄木鸟,Micropternus brachyurus,食虫
大灰啄木鸟,Mulleripicus pulverulentus,食蚂蚁，食虫
红腿小隼,Microhierax caerulescens,食肉，食虫
白腿小隼,Microhierax melanoleucus,食肉，食虫
黄爪隼,Falco naumanni,食虫，食肉
红隼,Falco tinnunculus,食虫，食肉
西红脚隼,Falco vespertinus,食虫，食肉
红脚隼,Falco amurensis,食虫，食肉
灰背隼,Falco columbarius,食肉，食虫
燕隼,Falco subbuteo,食肉，食虫
猛隼,Falco severus,食肉
猎隼,Falco cherrug,食肉
矛隼,Falco rusticolus,食肉
游隼,Falco peregrinus,食肉
短尾鹦鹉,Loriculus vernalis,食果实、食种子
蓝腰鹦鹉,Psittinus cyanurus,杂食性
大紫胸鹦鹉,Psittacula derbiana,食果实，食种子
亚历山大鹦鹉,Psittacula eupatria,食果实，食种子，食花
红领绿鹦鹉,Psittacula krameri,食果实、食种子、食花
青头鹦鹉,Psittacula himalayana,NA
灰头鹦鹉,Psittacula finschii,食果实、食种子、食虫
花头鹦鹉,Psittacula roseata,杂食性
绯胸鹦鹉,Psittacula alexandri,杂食性
双辫八色鸫,Pitta phayrei,食虫
蓝枕八色鸫,Pitta nipalensis,食虫
蓝背八色鸫,Pitta soror,食虫
栗头八色鸫,Pitta oatesi,食虫
蓝八色鸫,Pitta cyanea,食虫
绿胸八色鸫,Pitta sordida,食虫
仙八色鸫,Pitta nympha,食虫
蓝翅八色鸫,Pitta moluccensis,食虫、小脊椎动物
银胸丝冠鸟,Serilophus lunatus,食虫
长尾阔嘴鸟,Psarisomus dalhousiae,杂食性
金黄鹂,Oriolus oriolus,杂食性
黑枕黄鹂,Oriolus chinensis,杂食性
印度金黄鹂,Oriolus kundoo,杂食性
黑头黄鹂,Oriolus xanthornus,杂食性
细嘴黄鹂,Oriolus tenuirostris,NA
朱鹂,Oriolus traillii,杂食性
鹊鹂,Oriolus mellianus,杂食性
白腹凤鹛,Erpornis zantholeuca,杂食性
棕腹鵙鹛,Pteruthius rufiventer,食虫
红翅鵙鹛,Pteruthius aeralatus,杂食性
淡绿鵙鹛,Pteruthius xanthochlorus,杂食性
栗喉鵙鹛,Pteruthius melanotis,食虫
栗额鵙鹛,Pteruthius intermedius,食虫
大鹃鵙,Coracina macei,杂食性
暗灰鹃鵙,Lalage melaschistos,杂食性
斑鹃鵙,Lalage nigra,NA
粉红山椒鸟,Pericrocotus roseus,杂食性
小灰山椒鸟,Pericrocotus cantonensis,杂食性
灰山椒鸟,Pericrocotus divaricatus,食虫
琉球山椒鸟,Pericrocotus tegimae,NA
灰喉山椒鸟,Pericrocotus solaris,食虫
长尾山椒鸟,Pericrocotus ethologus,食虫
短嘴山椒鸟,Pericrocotus brevirostris,食虫
赤红山椒鸟,Pericrocotus flammeus,食虫
灰燕鵙,Artamus fuscus,食虫
褐背鹟鵙,Hemipus picatus,食虫
钩嘴林鵙,Tephrodornis virgatus,食虫
黑翅雀鹎,Aegithina tiphia,杂食性
大绿雀鹎,Aegithina lafresnayei,杂食性
白喉扇尾鹟,Rhipidura albicollis,食虫
白眉扇尾鹟,Rhipidura aureola,食虫
黑卷尾,Dicrurus macrocercus,食虫
灰卷尾,Dicrurus leucophaeus,食虫
鸦嘴卷尾,Dicrurus annectans,食虫
古铜色卷尾,Dicrurus aeneus,食虫
小盘尾,Dicrurus remifer,食虫
发冠卷尾,Dicrurus hottentottus,食虫
大盘尾,Dicrurus paradiseus,食虫
黑枕王鹟,Hypothymis azurea,食虫
东方寿带,Terpsiphone affinis,食虫
印度寿带,Terpsiphone paradisi,食虫
寿带,Terpsiphone incei,食虫
紫寿带,Terpsiphone atrocaudata,食虫
虎纹伯劳,Lanius tigrinus,食虫，食肉
牛头伯劳,Lanius bucephalus,食虫，食肉
红背伯劳,Lanius collurio,食虫，食肉
荒漠伯劳,Lanius isabellinus,食虫，食肉
红尾伯劳,Lanius cristatus,食虫
栗背伯劳,Lanius collurioides,食虫
棕背伯劳,Lanius schach,食虫，食肉
灰背伯劳,Lanius tephronotus,食虫，食肉
黑额伯劳,Lanius minor,食虫，食肉
灰伯劳,Lanius excubitor,食虫，食肉
楔尾伯劳,Lanius sphenocercus,食虫，食肉
棕尾伯劳,Lanius phoenicuroides,食肉
松鸦,Garrulus glandarius,杂食性
北噪鸦,Perisoreus infaustus,杂食性
黑头噪鸦,Perisoreus internigrans,杂食性
灰喜鹊,Cyanopica cyanus,杂食性
台湾蓝鹊,Urocissa caerulea,杂食性
黄嘴蓝鹊,Urocissa flavirostris,杂食性
红嘴蓝鹊,Urocissa erythroryncha,杂食性
白翅蓝鹊,Urocissa whiteheadi,杂食性
蓝绿鹊,Cissa chinensis,食虫，食肉
黄胸绿鹊,Cissa hypoleuca,杂食性
棕腹树鹊,Dendrocitta vagabunda,杂食性
灰树鹊,Dendrocitta formosae,杂食性
黑额树鹊,Dendrocitta frontalis,杂食性
塔尾树鹊,Temnurus temnurus,食虫，食肉
喜鹊,Pica pica,杂食性
黑尾地鸦,Podoces hendersoni,杂食性
白尾地鸦,Podoces biddulphi,杂食性
星鸦,Nucifraga caryocatactes,杂食性
红嘴山鸦,Pyrrhocorax pyrrhocorax,杂食性
黄嘴山鸦,Pyrrhocorax graculus,杂食性
寒鸦,Corvus monedula,杂食性
达乌里寒鸦,Corvus dauuricus,杂食性
家鸦,Corvus splendens,杂食性
秃鼻乌鸦,Corvus frugilegus,杂食性
小嘴乌鸦,Corvus corone,杂食性
冠小嘴乌鸦,Corvus cornix,杂食性
大嘴乌鸦,Corvus macrorhynchos,杂食性
白颈鸦,Corvus pectoralis,杂食性
渡鸦,Corvus corax,杂食性
黄腹扇尾鹟,Chelidorhynx hypoxanthus,食虫
方尾鹟,Culicicapa ceylonensis,食虫
火冠雀,Cephalopyrus flammiceps,杂食性
黄眉林雀,Sylviparus modestus,杂食性
冕雀,Melanochlora sultanea,食虫
棕枕山雀,Periparus rufonuchalis,杂食性
黑冠山雀,Periparus rubidiventris,杂食性
煤山雀,Periparus ater,食虫
黄腹山雀,Pardaliparus venustulus,杂食性
褐冠山雀,Lophophanes dichrous,杂食性
杂色山雀,Sittiparus varius,杂食性
台湾杂色山雀,Sittiparus castaneoventris,杂食
沼泽山雀,Poecile palustris,食虫
褐头山雀,Poecile montanus,食虫
四川褐头山雀,Poecile weigoldicus,食虫
灰蓝山雀,Cyanistes cyanus,食虫
地山雀,Pseudopodoces humilis,食虫
欧亚大山雀,Parus major,食虫
大山雀,Parus cinereus,食虫
绿背山雀,Parus monticolus,食虫
眼纹黄山雀,Machlolophus xanthogenys,食虫
黄颊山雀,Machlolophus spilonotus,杂食性
台湾黄山雀,Machlolophus holsti,食虫
白眉山雀,Poecile superciliosus,食虫
红腹山雀,Poecile davidi,杂食性
黑头攀雀,Remiz macronyx,NA
白冠攀雀,Remiz coronatus,杂食性
中华攀雀,Remiz consobrinus,杂食性
歌百灵,Mirafra javanica,杂食性
双斑百灵,Melanocorypha bimaculata,杂食性
长嘴百灵,Melanocorypha maxima,杂食性
蒙古百灵,Melanocorypha mongolica,杂食性
白翅百灵,Alauda leucoptera,杂食性
黑百灵,Melanocorypha yeltoniensis,杂食性
草原百灵,Melanocorypha calandra,杂食性
大短趾百灵,Calandrella brachydactyla,杂食性
细嘴短趾百灵,Calandrella acutirostris,杂食性
短趾百灵,Alaudala cheleensis,杂食性
凤头百灵,Galerida cristata,杂食性
云雀,Alauda arvensis,杂食性
小云雀,Alauda gulgula,杂食性
角百灵,Eremophila alpestris,杂食性
文须雀,Panurus biarmicus,杂食性
棕扇尾莺,Cisticola juncidis,杂食性
金头扇尾莺,Cisticola exilis,食虫
山鹪莺,Prinia crinigera,食虫
褐山鹪莺,Prinia polychroa,食虫
黑喉山鹪莺,Prinia atrogularis,NA
暗冕山鹪莺,Prinia rufescens,食虫
灰胸山鹪莺,Prinia hodgsonii,食虫
黄腹山鹪莺,Prinia flaviventris,杂食性
纯色山鹪莺,Prinia inornata,食虫
长尾缝叶莺,Orthotomus sutorius,食虫
黑喉缝叶莺,Orthotomus atrogularis,食虫
大苇莺,Acrocephalus arundinaceus,食虫
东方大苇莺,Acrocephalus orientalis,食虫
噪苇莺,Acrocephalus stentoreus,食虫
须苇莺,Acrocephalus melanopogon,NA
蒲苇莺,Acrocephalus schoenobaenus,食虫
细纹苇莺,Acrocephalus sorghophilus,食虫
黑眉苇莺,Acrocephalus bistrigiceps,食虫
稻田苇莺,Acrocephalus agricola,食虫
远东苇莺,Acrocephalus tangorum,食虫
钝翅苇莺,Acrocephalus concinens,食虫
芦莺 ,Acrocephalus scirpaceus,食虫
布氏苇莺,Acrocephalus dumetorum,食虫
厚嘴苇莺,Arundinax aedon,食虫
靴篱莺,Iduna caligata,食虫
赛氏篱莺,Iduna rama,食虫
草绿篱莺,Iduna pallida,食虫
鳞胸鹪鹛,Pnoepyga albiventer,杂食性
小鳞胸鹪鹛,Pnoepyga pusilla,杂食性
台湾鹪鹛,Pnoepyga formosana,NA
尼泊尔鹪鹛,Pnoepyga immaculata,NA
四川短翅蝗莺,Locustella chengi,NA
台湾短翅蝗莺,Locustella alishanensis,NA
高山短翅蝗莺,Locustella mandelli,食虫
斑胸短翅蝗莺,Locustella thoracica,食虫
北短翅蝗莺,Locustella davidi,NA
巨嘴短翅蝗莺,Locustella major,食虫
中华短翅蝗莺,Locustella tacsanowskia,食虫
棕褐短翅蝗莺,Locustella luteoventris,NA
矛斑蝗莺,Locustella lanceolata,食虫
黑斑蝗莺,Locustella naevia,食虫
小蝗莺,Locustella certhiola,食虫
北蝗莺,Locustella ochotensis,食虫
东亚蝗莺,Locustella pleskei,食虫
鸲蝗莺,Locustella luscinioides,食虫
苍眉蝗莺,Locustella fasciolata,食虫
库页岛蝗莺,Locustella amnicola,NA
斑背大尾莺,Locustella pryeri,食虫
沼泽大尾莺,Megalurus palustris,食虫
崖沙燕,Riparia riparia,食虫
淡色崖沙燕,Riparia diluta,食虫
褐喉沙燕,Riparia paludicola,食虫
岩燕,Ptyonoprogne rupestris,食虫
纯色岩燕,Ptyonoprogne concolor,食虫
家燕,Hirundo rustica,食虫
洋燕,Hirundo tahitica,食虫
金腰燕,Cecropis daurica,食虫
斑腰燕,Cecropis striolata,食虫
毛脚燕,Delichon urbicum,食虫
烟腹毛脚燕,Delichon dasypus,食虫
黑喉毛脚燕,Delichon nipalense,食虫
线尾燕,Hirundo smithii,NA
黄额燕,Petrochelidon fluvicola,食虫
凤头雀嘴鹎,Spizixos canifrons,杂食性
领雀嘴鹎,Spizixos semitorques,杂食性
纵纹绿鹎,Pycnonotus striatus,食茎叶，食种子
黑头鹎,Brachypodius atriceps,杂食性
黑冠黄鹎,Pycnonotus melanicterus,杂食性
红耳鹎,Pycnonotus jocosus,杂食性
黄臀鹎,Pycnonotus xanthorrhous,杂食性
白头鹎,Pycnonotus sinensis,杂食性
台湾鹎,Pycnonotus taivanus,杂食性
白颊鹎,Pycnonotus leucogenis,杂食性
黑喉红臀鹎,Pycnonotus cafer,杂食性
白喉红臀鹎,Pycnonotus aurigaster,杂食性
纹喉鹎,Pycnonotus finlaysoni,杂食性
黄绿鹎,Pycnonotus flavescens,杂食性
黄腹冠鹎,Alophoixus flaveolus,杂食性
白喉冠鹎,Alophoixus pallidus,杂食性
灰眼短脚鹎,Iole propinqua,杂食性
灰短脚鹎,Hemixos flavala,杂食性
栗背短脚鹎,Hemixos castanonotus,杂食性
绿翅短脚鹎,Ixos mcclellandii,杂食性
黑短脚鹎,Hypsipetes leucocephalus,杂食性
栗耳短脚鹎,Hypsipetes amaurotis,杂食性
欧柳莺,Phylloscopus trochilus,NA
叽喳柳莺,Phylloscopus collybita,食虫
中亚叽喳柳莺,Phylloscopus sindianus,食虫
林柳莺,Phylloscopus sibilatrix,食虫
褐柳莺,Phylloscopus fuscatus,食虫
烟柳莺,Phylloscopus fuligiventer,食虫
黄腹柳莺,Phylloscopus affinis,食虫
棕腹柳莺,Phylloscopus subaffinis,食虫
灰柳莺,Phylloscopus griseolus,食虫
棕眉柳莺,Phylloscopus armandii,食虫
巨嘴柳莺,Phylloscopus schwarzi,食虫
橙斑翅柳莺,Phylloscopus pulcher,食虫
灰喉柳莺,Phylloscopus maculipennis,食虫
黄腰柳莺,Phylloscopus proregulus,食虫
淡黄腰柳莺,Phylloscopus chloronotus,食虫
四川柳莺,Phylloscopus forresti,食虫
华西柳莺,Phylloscopus occisinensis,食虫
甘肃柳莺,Phylloscopus kansuensis,食虫
云南柳莺,Phylloscopus yunnanensis,食虫
黄眉柳莺,Phylloscopus inornatus,食虫
淡眉柳莺,Phylloscopus humei,食虫
极北柳莺,Phylloscopus borealis,食虫
暗绿柳莺,Phylloscopus trochiloides,食虫
双斑绿柳莺,Phylloscopus plumbeitarsus,食虫
日本柳莺,Phylloscopus xanthodryas,食虫
淡脚柳莺,Phylloscopus tenellipes,食虫
萨岛柳莺,Phylloscopus borealoides,食虫
乌嘴柳莺,Phylloscopus magnirostris,食虫
冕柳莺,Phylloscopus coronatus,食虫
日本冕柳莺,Phylloscopus ijimae,食虫
峨眉柳莺,Phylloscopus emeiensis,食虫
冠纹柳莺,Phylloscopus claudiae,食虫
白斑尾柳莺,Phylloscopus ogilviegranti,食虫
海南柳莺,Phylloscopus hainanus,食虫
黄胸柳莺,Phylloscopus cantator,食虫
灰岩柳莺,Phylloscopus calciatilis,食虫
黑眉柳莺,Phylloscopus ricketti,食虫
西南冠纹柳莺,Phylloscopus reguloides,食虫
云南白斑尾柳莺,Phylloscopus davisoni,NA
灰头柳莺,Phylloscopus xanthoschistos,食虫
白眶鹟莺,Seicercus affinis,食虫
韦氏鹟莺,Seicercus whistleri,食虫
灰冠鹟莺,Seicercus tephrocephalus,食虫
金眶鹟莺,Seicercus burkii,食虫
比氏鹟莺,Seicercus valentini,食虫
峨眉鹟莺,Seicercus omeiensis,食虫
淡尾鹟莺,Seicercus soror,食虫
灰脸鹟莺,Seicercus poliogenys,食虫
栗头鹟莺,Seicercus castaniceps,食虫
华南冠纹柳莺,Phylloscopus goodsoni,食虫
黄腹鹟莺,Abroscopus superciliaris,食虫
宽嘴鹟莺,Tickellia hodgsoni,食虫
棕脸鹟莺,Abroscopus albogularis,食虫
黑脸鹟莺,Abroscopus schisticeps,食虫
栗头织叶莺,Phyllergates cucullatus,食虫
短翅树莺,Horornis diphone,食虫
远东树莺,Horornis canturians,食虫
强脚树莺,Horornis fortipes,食虫
大树莺,Cettia major,食虫
异色树莺,Horornis flavolivaceus,食虫
黄腹树莺,Horornis acanthizoides,食虫
棕顶树莺,Cettia brunnifrons,食虫
宽尾树莺,Cettia cetti,食虫
喜山黄腹树莺,Horornis brunnescens,NA
金冠地莺,Tesia olivea,杂食性
灰腹地莺,Tesia cyaniventer,杂食性
栗头树莺,Cettia castaneocoronata,杂食性
鳞头树莺,Urosphena squameiceps,食虫
淡脚树莺,Hemitesia pallidipes,食虫
北长尾山雀,Aegithalos caudatus,食虫
红头长尾山雀,Aegithalos concinnus,食虫
棕额长尾山雀,Aegithalos iouschistos,杂食性
黑眉长尾山雀,Aegithalos bonvaloti,杂食性
银脸长尾山雀,Aegithalos fuliginosus,杂食性
银喉长尾山雀,Aegithalos glaucogularis,食虫
花彩雀莺,Leptopoecile sophiae,食虫
凤头雀莺,Leptopoecile elegans,食虫
山鹛,Rhopophilus pekinensis,杂食性
灰白喉林莺,Sylvia communis,杂食性
白喉林莺,Sylvia curruca,杂食性
休氏白喉林莺,Sylvia althaea,杂食性
漠白喉林莺,Sylvia minula,食虫
荒漠林莺,Sylvia nana,食虫
横斑林莺,Sylvia nisoria,杂食性
金眼鹛雀,Chrysomma sinense,食虫
宝兴鹛雀,Moupinia poecilotis,食虫
金胸雀鹛,Lioparus chrysotis,食虫
白眉雀鹛,Fulvetta vinipectus,杂食性
中华雀鹛,Fulvetta striaticollis,杂食性
棕头雀鹛,Fulvetta ruficapilla,杂食性
褐头雀鹛,Fulvetta cinereiceps,杂食性
路氏雀鹛,Fulvetta ludlowi,杂食性
火尾绿鹛,Myzornis pyrrhoura,杂食性
红嘴鸦雀,Conostoma aemodium,杂食性
三趾鸦雀,Cholornis paradoxus,杂食性
褐鸦雀,Cholornis unicolor,杂食性
灰头鸦雀,Psittiparus gularis,杂食性
点胸鸦雀,Paradoxornis guttaticollis,杂食性
白眶鸦雀,Sinosuthora conspicillata,杂食性
棕头鸦雀,Sinosuthora webbiana,杂食性
褐翅鸦雀,Sinosuthora brunnea,杂食性
灰喉鸦雀,Sinosuthora alphonsiana,杂食性
暗色鸦雀,Sinosuthora zappeyi,杂食性
灰冠鸦雀,Sinosuthora przewalskii,食虫
黄额鸦雀,Suthora fulvifrons,杂食性
金色鸦雀,Suthora verreauxi,杂食性
短尾鸦雀,Neosuthora davidiana,杂食性
黑眉鸦雀,Chleuasicus atrosuperciliaris,杂食性
红头鸦雀,Psittiparus ruficeps,杂食性
震旦鸦雀,Paradoxornis heudei,食虫
黑喉鸦雀,Suthora nipalensis,杂食性
斑胸鸦雀,Paradoxornis flavirostris,杂食性
黑顶林莺,Sylvia atricapilla,食果实
东歌林莺,Sylvia crassirostris,NA
红胁绣眼鸟,Zosterops erythropleurus,食虫
灰腹绣眼鸟,Zosterops palpebrosus,杂食性
暗绿绣眼鸟,Zosterops japonicus,杂食性
栗耳凤鹛,Yuhina castaniceps,杂食性
白颈凤鹛,Yuhina bakeri,杂食性
黄颈凤鹛,Yuhina flavicollis,杂食性
纹喉凤鹛,Yuhina gularis,杂食性
白领凤鹛,Yuhina diademata,杂食性
棕臀凤鹛,Yuhina occipitalis,杂食性
褐头凤鹛,Yuhina brunneiceps,杂食性
黑颏凤鹛,Yuhina nigrimenta,杂食性
低地绣眼鸟,Zosterops meyeni,NA
长嘴钩嘴鹛,Erythrogenys hypoleucos,食虫
斑胸钩嘴鹛,Erythrogenys gravivox,杂食性
棕颈钩嘴鹛,Pomatorhinus ruficollis,杂食性
棕头钩嘴鹛,Pomatorhinus ochraceiceps,杂食性
棕喉鹩鹛,Spelaeornis caudatus,食虫
斑翅鹩鹛,Spelaeornis troglodytoides,食虫
长尾鹩鹛,Spelaeornis chocolatinus,食虫
黑颏穗鹛,Cyanoderma pyrrhops,食虫
弄岗穗鹛,Stachyris nonggangensis,食虫
黄喉穗鹛,Cyanoderma ambiguum,食虫
红头穗鹛,Cyanoderma ruficeps,食虫
金头穗鹛,Cyanoderma chrysaeum,食虫
黑头穗鹛,Stachyris nigriceps,食虫
斑颈穗鹛,Stachyris strialata,食虫
纹胸鹛,Mixornis gularis,食虫
红顶鹛,Timalia pileata,食虫
灰头钩嘴鹛,Pomatorhinus schisticeps,NA
细嘴钩嘴鹛,Pomatorhinus superciliaris,食花蜜，食种子
短尾钩嘴鹛,Jabouilleia danjoui,NA
红嘴钩嘴鹛,Pomatorhinus ferruginosus,杂食性
华南斑胸钩嘴鹛,Erythrogenys swinhoei,NA
台湾斑胸钩嘴鹛,Erythrogenys erythrocnemis,NA
台湾棕颈钩嘴鹛,Pomatorhinus musicus,NA
淡喉鹩鹛,Spelaeornis kinneari,NA
锈喉鹩鹛,Spelaeornis badeigularis,NA
黑胸楔嘴穗鹛,Stachyris humei,NA
楔嘴穗鹛,Stachyris roberti,NA
棕胸雅鹛,Trichastoma tickelli,食虫
白腹幽鹛,Pellorneum albiventre,食虫
棕头幽鹛,Pellorneum ruficeps,食虫
长嘴鹩鹛,Rimator malacoptilus,食虫
灰岩鹪鹛,Turdinus crispifrons,杂食性
短尾鹪鹛,Turdinus brevicaudatus,杂食性
纹胸鹪鹛,Napothera epilepidota,食虫
白头鵙鹛,Gampsorhynchus rufulus,杂食性
金额雀鹛,Schoeniparus variegaticeps,食虫
黄喉雀鹛,Schoeniparus cinereus,杂食性
栗头雀鹛,Schoeniparus castaneceps,食虫
棕喉雀鹛,Schoeniparus rufogularis,杂食性
褐顶雀鹛,Schoeniparus brunneus,食虫
褐胁雀鹛,Schoeniparus dubius,杂食性
褐脸雀鹛,Alcippe poioicephala,杂食性
灰眶雀鹛,Alcippe morrisonia,杂食性
白眶雀鹛,Alcippe nipalensis,杂食性
中华草鹛,Graminicola striatus,NA
黑脸噪鹛,Garrulax perspicillatus,杂食性
白喉噪鹛,Garrulax albogularis,杂食性
白冠噪鹛,Garrulax leucolophus,杂食性
小黑领噪鹛,Garrulax monileger,杂食性
黑领噪鹛,Garrulax pectoralis,杂食性
条纹噪鹛,Grammatoptila striata,杂食性
白颈噪鹛,Garrulax strepitans,杂食性
褐胸噪鹛,Garrulax maesi,杂食性
栗颈噪鹛,Garrulax ruficollis,杂食性
黑喉噪鹛,Garrulax chinensis,杂食性
蓝冠噪鹛,Garrulax courtoisi,杂食性
栗臀噪鹛,Garrulax gularis,杂食性
山噪鹛,Garrulax davidi,杂食性
黑额山噪鹛,Garrulax sukatschewi,杂食性
灰翅噪鹛,Garrulax cineraceus,杂食性
棕颏噪鹛,Garrulax rufogularis,杂食性
白点噪鹛,Garrulax bieti,杂食性
大噪鹛,Garrulax maximus,杂食性
眼纹噪鹛,Garrulax ocellatus,杂食性
灰胁噪鹛,Garrulax caerulatus,杂食性
棕噪鹛,Garrulax berthemyi,杂食性
台湾棕噪鹛,Garrulax poecilorhynchus,杂食性
斑胸噪鹛,Garrulax merulinus,杂食性
画眉,Garrulax canorus,杂食性
海南画眉,Garrulax owstoni,杂食性
台湾画眉,Garrulax taewanus,杂食性
白颊噪鹛,Garrulax sannio,杂食性
细纹噪鹛,Trochalopteron lineatum,杂食性
斑背噪鹛,Garrulax lunulatus,杂食性
蓝翅噪鹛,Trochalopteron squamatum,杂食性
纯色噪鹛,Trochalopteron subunicolor,杂食性
橙翅噪鹛,Trochalopteron elliotii,杂食性
杂色噪鹛,Trochalopteron variegatum,杂食性
灰腹噪鹛,Trochalopteron henrici,杂食性
黑顶噪鹛,Trochalopteron affine,杂食性
台湾噪鹛,Trochalopteron morrisonianum,杂食性
红头噪鹛,Trochalopteron erythrocephalum,杂食性
红翅噪鹛,Trochalopteron formosum,杂食性
红尾噪鹛,Trochalopteron milnei,杂食性
红翅薮鹛,Liocichla ripponi,杂食性
灰胸薮鹛,Liocichla omeiensis,杂食性
黑冠薮鹛,Liocichla bugunorum,杂食性
黄痣薮鹛,Liocichla steerii,食虫
矛纹草鹛,Babax lanceolatus,杂食性
大草鹛,Babax waddelli,杂食性
棕草鹛,Babax koslowi,杂食性
银耳相思鸟,Leiothrix argentauris,杂食性
红嘴相思鸟,Leiothrix lutea,杂食性
斑胁姬鹛,Cutia nipalensis,杂食性
栗额斑翅鹛,Actinodura egertoni,杂食性
白眶斑翅鹛,Actinodura ramsayi,杂食性
纹头斑翅鹛,Sibia nipalensis,杂食性
纹胸斑翅鹛,Sibia waldeni,杂食性
灰头斑翅鹛,Sibia souliei,杂食性
台湾斑翅鹛,Sibia morrisoniana,杂食性
蓝翅希鹛,Siva cyanouroptera,杂食性
斑喉希鹛,Chrysominla strigula,杂食性
红尾希鹛,Minla ignotincta,杂食性
栗背奇鹛,Leioptila annectens,杂食性
黑顶奇鹛,Heterophasia capistrata,杂食性
灰奇鹛,Heterophasia gracilis,杂食性
黑头奇鹛,Heterophasia desgodinsi,杂食性
白耳奇鹛,Heterophasia auricularis,杂食性
丽色奇鹛,Heterophasia pulchella,杂食性
长尾奇鹛,Heterophasia picaoides,杂食性
台湾白喉噪鹛,Garrulax ruficeps,NA
栗颊噪鹛,Garrulax castanotis,NA
灰头薮鹛,Liocichla phoenicea,NA
欧亚旋木雀,Certhia familiaris,食虫
四川旋木雀,Certhia tianquanensis,食虫
高山旋木雀,Certhia himalayana,食虫
红腹旋木雀,Certhia nipalensis,食虫
褐喉旋木雀,Certhia discolor,食虫
霍氏旋木雀,Certhia hodgsoni,NA
休氏旋木雀,Certhia manipurensis,食虫
栗腹䴓,Sitta castanea,食虫
普通䴓,Sitta europaea,食虫
栗臀䴓,Sitta nagaensis,食虫
白尾䴓,Sitta himalayensis,食虫
黑头䴓,Sitta villosa,食虫
滇䴓,Sitta yunnanensis,食虫
白脸䴓,Sitta leucopsis,食虫
淡紫䴓,Sitta solangiae,食虫
巨䴓,Sitta magna,食虫
丽䴓,Sitta formosa,食虫
红翅旋壁雀,Tichodroma muraria,食虫
绒额䴓,Sitta frontalis,食虫
鹪鹩,Troglodytes troglodytes,食虫
河乌,Cinclus cinclus,食虫，食肉
褐河乌,Cinclus pallasii,食虫，食肉
亚洲辉椋鸟,Aplonis panayensis,杂食性
鹩哥,Gracula religiosa,杂食性
林八哥,Acridotheres grandis,杂食性
八哥,Acridotheres cristatellus,杂食性
白领八哥,Acridotheres albocinctus,杂食性
家八哥,Acridotheres tristis,杂食性
红嘴椋鸟,Acridotheres burmannicus,杂食性
斑翅椋鸟,Saroglossa spiloptera,杂食性
黑领椋鸟,Gracupica nigricollis,杂食性
斑椋鸟,Gracupica contra,杂食性
北椋鸟,Agropsar sturninus,杂食性
紫背椋鸟,Agropsar philippensis,杂食性
灰背椋鸟,Sturnia sinensis,杂食性
灰头椋鸟,Sturnia malabarica,杂食性
黑冠椋鸟,Sturnia pagodarum,杂食性
粉红椋鸟,Pastor roseus,杂食性
丝光椋鸟,Spodiopsar sericeus,杂食性
灰椋鸟,Spodiopsar cineraceus,杂食性
紫翅椋鸟,Sturnus vulgaris,杂食性
金冠树八哥,Ampeliceps coronatus,杂食性
爪哇八哥,Acridotheres javanicus,NA
橙头地鸫,Geokichla citrina,杂食性
白眉地鸫,Geokichla sibirica,杂食性
淡背地鸫,Zoothera mollissima,食虫
长尾地鸫,Zoothera dixoni,杂食性
小虎斑地鸫,Zoothera dauma,食虫
长嘴地鸫,Zoothera marginata,食虫
灰背鸫,Turdus hortulorum,杂食性
黑胸鸫,Turdus dissimilis,杂食性
乌灰鸫,Turdus cardis,杂食性
白颈鸫,Turdus albocinctus,杂食性
灰翅鸫,Turdus boulboul,杂食性
欧亚乌鸫,Turdus merula,杂食性
白头鸫,Turdus niveiceps,杂食性
灰头鸫,Turdus rubrocanus,杂食性
棕背黑头鸫,Turdus kessleri,食虫
褐头鸫,Turdus feae,杂食性
白眉鸫,Turdus obscurus,杂食性
槲鸫,Turdus viscivorus,杂食性
白腹鸫,Turdus pallidus,食虫
赤胸鸫,Turdus chrysolaus,杂食性
赤颈鸫,Turdus ruficollis,杂食性
黑喉鸫,Turdus atrogularis,食虫
红尾斑鸫,Turdus naumanni,杂食性
斑鸫,Turdus eunomus,杂食性
田鸫,Turdus pilaris,食虫
白眉歌鸫,Turdus iliacus,杂食性
欧歌鸫,Turdus philomelos,杂食性
宝兴歌鸫,Turdus mupinensis,食虫
紫宽嘴鸫,Cochoa purpurea,食虫
绿宽嘴鸫,Cochoa viridis,食虫
大长嘴地鸫,Zoothera monticola,NA
蒂氏鸫,Turdus unicolor,NA
虎斑地鸫,Zoothera aurea,NA
四川淡背地鸫,Zoothera griseiceps,NA
喜山淡背地鸫,Zoothera salimalii,NA
乌鸫,Turdus mandarinus,杂食性
藏乌鸫,Turdus maximus,杂食性
白背矶鸫,Monticola saxatilis,杂食性
白喉矶鸫,Monticola gularis,食虫
栗腹矶鸫,Monticola rufiventris,食虫，食肉
蓝矶鸫,Monticola solitarius,食虫
紫啸鸫,Myophonus caeruleus,食虫，食肉
台湾紫啸鸫,Myophonus insularis,食虫，食肉
栗背短翅鸫,Heteroxenicus stellatus,杂食性
锈腹短翅鸫,Brachypteryx hyperythra,杂食性
白喉短翅鸫,Brachypteryx leucophris,食虫，食肉
蓝短翅鸫,Brachypteryx montana,食虫
欧亚鸲,Erithacus rubecula,杂食性
日本歌鸲,Larvivora akahige,食虫
红尾歌鸲,Larvivora sibilans,食虫
新疆歌鸲,Luscinia megarhynchos,食虫
红喉歌鸲,Calliope calliope,食虫
黑胸歌鸲,Calliope pectoralis,食虫
蓝喉歌鸲,Luscinia svecica,食虫
棕头歌鸲,Larvivora ruficeps,杂食性
黑喉歌鸲,Calliope obscura,食虫
金胸歌鸲,Calliope pectardens,食虫
栗腹歌鸲,Larvivora brunnea,食虫，食肉
蓝歌鸲,Larvivora cyane,食虫，食肉
红胁蓝尾鸲,Tarsiger cyanurus,杂食性
金色林鸲,Tarsiger chrysaeus,杂食性
白眉林鸲,Tarsiger indicus,食虫
台湾林鸲,Tarsiger johnstoniae,杂食性
鹊鸲,Copsychus saularis,食虫
白腰鹊鸲,Kittacincla malabarica,食虫
贺兰山红尾鸲,Phoenicurus alaschanicus,食虫
红背红尾鸲,Phoenicuropsis erythronotus,食虫
蓝头红尾鸲,Phoenicuropsis coeruleocephala,食虫
赭红尾鸲,Phoenicurus ochruros,食虫
欧亚红尾鸲,Phoenicurus phoenicurus,食虫
黑喉红尾鸲,Phoenicurus hodgsoni,食虫
白喉红尾鸲,Phoenicuropsis schisticeps,杂食性
北红尾鸲,Phoenicurus auroreus,食虫
红腹红尾鸲,Phoenicurus erythrogastrus,食虫
蓝额红尾鸲,Phoenicuropsis frontalis,食虫
白顶溪鸲,Chaimarrornis leucocephalus,食虫
红尾水鸲,Rhyacornis fuliginosa,食虫
白腹短翅鸲,Luscinia phoenicuroides,食虫
白尾蓝地鸲,Myiomela leucurum,杂食性
蓝额地鸲,Cinclidium frontale,杂食性
蓝大翅鸲,Grandala coelicolor,食虫
小燕尾,Enicurus scouleri,食虫
黑背燕尾,Enicurus immaculatus,食虫
灰背燕尾,Enicurus schistaceus,食虫
白额燕尾,Enicurus leschenaulti,食虫
斑背燕尾,Enicurus maculatus,食虫
白喉石䳭,Saxicola insignis,食虫
黑喉石䳭,Saxicola maurus,食虫
白斑黑石䳭,Saxicola caprata,食虫
黑白林䳭,Saxicola jerdoni,食虫
灰林䳭,Saxicola ferreus,食虫
穗䳭,Oenanthe oenanthe,食虫
东方斑䳭,Oenanthe picata,食虫
白顶䳭,Oenanthe pleschanka,食虫
漠䳭,Oenanthe deserti,食虫
沙䳭,Oenanthe isabellina,食虫
白喉林鹟,Cyornis brunneatus,食虫
斑鹟,Muscicapa striata,食虫
灰纹鹟,Muscicapa griseisticta,食虫
乌鹟,Muscicapa sibirica,食虫
北灰鹟,Muscicapa dauurica,食虫
褐胸鹟,Muscicapa muttui,食虫
棕尾褐鹟,Muscicapa ferruginea,食虫
白眉姬鹟,Ficedula zanthopygia,食虫
黄眉姬鹟,Ficedula narcissina,食虫
绿背姬鹟,Ficedula elisae,食虫
鸲姬鹟,Ficedula mugimaki,食虫
锈胸蓝姬鹟,Ficedula sordida,食虫
橙胸姬鹟,Ficedula strophiata,食虫
红喉姬鹟,Ficedula albicilla,食虫
白喉姬鹟,Anthipes monileger,食虫
棕胸蓝姬鹟,Ficedula hyperythra,食虫
小斑姬鹟,Ficedula westermanni,食虫
白眉蓝姬鹟,Ficedula superciliaris,食虫
灰蓝姬鹟,Ficedula tricolor,食虫
玉头姬鹟,Ficedula sapphira,食虫
白腹蓝鹟,Cyanoptila cyanomelana,食虫
铜蓝鹟,Eumyias thalassinus,食虫
大仙鹟,Niltava grandis,食虫
小仙鹟,Niltava macgrigoriae,食虫
棕腹大仙鹟,Niltava davidi,食虫
棕腹仙鹟,Niltava sundara,食虫
棕腹蓝仙鹟,Niltava vivida,食虫
白尾蓝仙鹟,Cyornis concretus,食虫
海南蓝仙鹟,Cyornis hainanus,食虫
灰颊仙鹟,Cyornis poliogenys,食虫
纯蓝仙鹟,Cyornis unicolor,食虫
蓝喉仙鹟,Cyornis rubeculoides,食虫
山蓝仙鹟,Cyornis banyumas,食虫
侏蓝姬鹟,Ficedula hodgsoni,杂食性
琉球歌鸲,Larvivora komadori,杂食性
棕薮鸲,Cercotrichas galactotes,食虫
棕腹林鸲,Tarsiger hyperythrus,食虫
红胸姬鹟,Ficedula parva,食虫
斑姬鹟,Ficedula hypoleuca,NA
蓝头矶鸫,Monticola cinclorhyncha,NA
白须黑胸歌鸲,Calliope tschebaiewi,NA
蓝眉林鸲,Tarsiger rufilatus,NA
栗尾姬鹟,Ficedula ruficauda,NA
琉球姬鹟,Ficedula owstoni,食虫
白腹暗蓝鹟,Cyanoptila cumatilis,食虫
中华仙鹟,Cyornis glaucicomans,食虫
戴菊,Regulus regulus,食虫
台湾戴菊,Regulus goodfellowi,食虫
太平鸟,Bombycilla garrulus,杂食性
小太平鸟,Bombycilla japonica,杂食性
丽星鹩鹛,Elachura formosa,食虫
和平鸟,Irena puella,杂食性
蓝翅叶鹎,Chloropsis cochinchinensis,杂食性
金额叶鹎,Chloropsis aurifrons,杂食性
橙腹叶鹎,Chloropsis hardwickii,杂食性
厚嘴啄花鸟,Dicaeum agile,杂食性
黄臀啄花鸟,Dicaeum chrysorrheum,杂食性
黄腹啄花鸟,Dicaeum melanozanthum,杂食性
纯色啄花鸟,Dicaeum concolor,杂食性
红胸啄花鸟,Dicaeum ignipectus,杂食性
朱背啄花鸟,Dicaeum cruentatum,杂食性
紫颊太阳鸟,Chalcoparia singalensis,食花
褐喉食蜜鸟,Anthreptes malacensis,食花
蓝枕花蜜鸟,Hypogramma hypogrammicum,食花
黄腹花蜜鸟,Cinnyris jugularis,食花
紫花蜜鸟,Cinnyris asiaticus,食花
蓝喉太阳鸟,Aethopyga gouldiae,食花
绿喉太阳鸟,Aethopyga nipalensis,食花
叉尾太阳鸟,Aethopyga christinae,食花
黑胸太阳鸟,Aethopyga saturata,食花
黄腰太阳鸟,Aethopyga siparaja,食花
火尾太阳鸟,Aethopyga ignicauda,食花
长嘴捕蛛鸟,Arachnothera longirostra,食虫
纹背捕蛛鸟,Arachnothera magna,杂食性
领岩鹨,Prunella collaris,杂食性
高原岩鹨,Prunella himalayana,杂食性
鸲岩鹨,Prunella rubeculoides,杂食性
棕胸岩鹨,Prunella strophiata,杂食性
棕眉山岩鹨,Prunella montanella,杂食性
褐岩鹨,Prunella fulvescens,杂食性
黑喉岩鹨,Prunella atrogularis,杂食性
贺兰山岩鹨,Prunella koslowi,杂食性
栗背岩鹨,Prunella immaculata,杂食性
朱鹀,Urocynchramus pylzowi,杂食性
纹胸织雀,Ploceus manyar,杂食性
黄胸织雀,Ploceus philippinus,杂食性
白喉文鸟,Euodice malabarica,杂食性
白腰文鸟,Lonchura striata,杂食性
斑文鸟,Lonchura punctulata,杂食性
栗腹文鸟,Lonchura atricapilla,杂食性
禾雀,Lonchura oryzivora,杂食性
红梅花雀,Amandava amandava,杂食性
橙颊梅花雀,Estrilda melpoda,杂食性
长尾鹦雀,Erythrura prasina,杂食性
黑顶麻雀,Passer ammodendri,杂食性
家麻雀,Passer domesticus,杂食性
黑胸麻雀,Passer hispaniolensis,杂食性
山麻雀,Passer cinnamomeus,杂食性
麻雀,Passer montanus,杂食性
石雀,Petronia petronia,杂食性
白斑翅雪雀,Montifringilla nivalis,杂食性
藏雪雀,Montifringilla henrici,杂食性
褐翅雪雀,Montifringilla adamsi,杂食性
白腰雪雀,Onychostruthus taczanowskii,杂食性
黑喉雪雀,Pyrgilauda davidiana,杂食性
棕颈雪雀,Pyrgilauda ruficollis,杂食性
棕背雪雀,Pyrgilauda blanfordi,杂食性
山鹡鸰,Dendronanthus indicus,食虫
白鹡鸰,Motacilla alba,食虫
日本鹡鸰,Motacilla grandis,食虫
黄头鹡鸰,Motacilla citreola,食虫
西黄鹡鸰,Motacilla flava,食虫
黄鹡鸰,Motacilla tschutschensis,食虫
灰鹡鸰,Motacilla cinerea,食虫
田鹨,Anthus richardi,食虫
东方田鹨,Anthus rufulus,食虫
平原鹨,Anthus campestris,食虫
布氏鹨,Anthus godlewskii,食虫
林鹨,Anthus trivialis,食虫
树鹨,Anthus hodgsoni,食虫
北鹨,Anthus gustavi,食虫
草地鹨,Anthus pratensis,食虫
红喉鹨,Anthus cervinus,食虫
粉红胸鹨,Anthus roseatus,食虫
水鹨,Anthus spinoletta,食虫
黄腹鹨,Anthus rubescens,食虫
山鹨,Anthus sylvanus,食虫
苍头燕雀,Fringilla coelebs,杂食性
燕雀,Fringilla montifringilla,杂食性
林岭雀,Leucosticte nemoricola,杂食性
高山岭雀,Leucosticte brandti,杂食性
粉红腹岭雀,Leucosticte arctoa,杂食性
松雀,Pinicola enucleator,杂食性
红眉松雀,Carpodacus subhimachala,杂食性
赤朱雀,Agraphospiza rubescens,杂食性
暗胸朱雀 ,Procarduelis nipalensis,杂食性
普通朱雀,Carpodacus erythrinus,杂食性
红眉朱雀,Carpodacus pulcherrimus,杂食性
曙红朱雀,Carpodacus waltoni,杂食性
粉眉朱雀,Carpodacus rodochroa,杂食性
酒红朱雀,Carpodacus vinaceus,杂食性
棕朱雀,Carpodacus edwardsii,杂食性
沙色朱雀,Carpodacus stoliczkae,杂食性
北朱雀,Carpodacus roseus,杂食性
斑翅朱雀,Carpodacus trifasciatus,杂食性
点翅朱雀,Carpodacus rodopeplus,杂食性
喜山白眉朱雀,Carpodacus thura,杂食性
红腰朱雀,Carpodacus rhodochlamys,杂食性
拟大朱雀,Carpodacus rubicilloides,杂食性
大朱雀,Carpodacus rubicilla,杂食性
红胸朱雀,Carpodacus puniceus,杂食性
藏雀,Carpodacus roborowskii,杂食性
红交嘴雀,Loxia curvirostra,杂食性
白翅交嘴雀,Loxia leucoptera,杂食性
高山金翅雀,Chloris spinoides,杂食性
欧金翅雀,Chloris chloris,杂食性
黑头金翅雀,Chloris ambigua,杂食性
白腰朱顶雀,Acanthis flammea,杂食性
极北朱顶雀,Acanthis hornemanni,杂食性
黄雀,Spinus spinus,杂食性
藏黄雀,Spinus thibetanus,杂食性
红额金翅雀,Carduelis carduelis,杂食性
金翅雀,Chloris sinica,杂食性
黄嘴朱顶雀,Linaria flavirostris,杂食性
赤胸朱顶雀,Linaria cannabina,杂食性
金额丝雀,Serinus pusillus,杂食性
褐灰雀,Pyrrhula nipalensis,杂食性
红头灰雀,Pyrrhula erythrocephala,杂食性
灰头灰雀,Pyrrhula erythaca,杂食性
红腹灰雀,Pyrrhula pyrrhula,食种子
锡嘴雀,Coccothraustes coccothraustes,杂食性
黑尾蜡嘴雀,Eophona migratoria,杂食性
黑头蜡嘴雀,Eophona personata,杂食性
黄颈拟蜡嘴雀,Mycerobas affinis,杂食性
白点翅拟蜡嘴雀,Mycerobas melanozanthos,杂食性
白斑翅拟蜡嘴雀,Mycerobas carnipes,杂食性
金枕黑雀,Pyrrhoplectes epauletta,杂食性
红翅沙雀,Rhodopechys sanguineus,食种子
蒙古沙雀,Bucanetes mongolicus,食种子，食果实，食茎叶
长尾雀,Carpodacus sibiricus,食种子，食果实
血雀,Carpodacus sipahi,杂食性
褐头朱雀,Carpodacus sillemi,杂食性
巨嘴沙雀,Rhodospiza obsoleta,植食性
红眉金翅雀,Callacanthis burtoni,NA
中华朱雀,Carpodacus davidianus,NA
台湾酒红朱雀,Carpodacus formosanus,植食性
淡腹点翅朱雀,Carpodacus verreauxii,杂食性
白眉朱雀,Carpodacus dubius,植食性
铁爪鹀,Calcarius lapponicus,杂食性
雪鹀,Plectrophenax nivalis,食种子
凤头鹀,Melophus lathami,杂食性
蓝鹀,Emberiza siemsseni,杂食性
黄鹀,Emberiza citrinella,杂食性
白头鹀,Emberiza leucocephalos,杂食性
藏鹀,Emberiza koslowi,杂食性
淡灰眉岩鹀,Emberiza cia,杂食性
灰眉岩鹀,Emberiza godlewskii,杂食性
三道眉草鹀,Emberiza cioides,杂食性
栗斑腹鹀,Emberiza jankowskii,杂食性
灰颈鹀,Emberiza buchanani,杂食性
圃鹀,Emberiza hortulana,杂食性
红颈苇鹀,Emberiza yessoensis,杂食性
白眉鹀,Emberiza tristrami,杂食性
栗耳鹀,Emberiza fucata,杂食性
小鹀,Emberiza pusilla,杂食性
黄眉鹀,Emberiza chrysophrys,杂食性
田鹀,Emberiza rustica,杂食性
黄喉鹀,Emberiza elegans,杂食性
黄胸鹀,Emberiza aureola,杂食性
栗鹀,Emberiza rutila,杂食性
黑头鹀,Emberiza melanocephala,杂食性
褐头鹀,Emberiza bruniceps,杂食性
硫黄鹀,Emberiza sulphurata,杂食性
灰头鹀,Emberiza spodocephala,杂食性
灰鹀,Emberiza variabilis,食种子
苇鹀,Emberiza pallasi,杂食性
芦鹀,Emberiza schoeniclus,杂食性
黍鹀,Emberiza calandra,杂食性
白顶鹀,Emberiza stewarti,NA
白冠带鹀,Zonotrichia leucophrys,NA
,,
,,
,,
,,
,,
,,
,,
,,
,,
,,
,,
,,
,,
,,
,,
,,
,,
,,
,,
,,
,,
,,
,,
,,
,,
,,
,,
,,
,,
